<?xml version="1.0"?>
<EML xmlns:xsi="http://www.w3.org/2001/XMLSchema-instance" xmlns="urn:oasis:names:tc:evs:schema:eml" Id="530" SchemaVersion="7.0" xsi:schemaLocation="urn:oasis:names:tc:evs:schema:eml     http://www.sos.ca.gov/media/schemas/v7/530-stats-v7-0.xsd">
  <EMLHeader>
    <TransactionId>171</TransactionId>
    <MessageLanguage>en-US</MessageLanguage>
    <IssueDate>2014-10-09T12:55:11-07:00</IssueDate>
    <OfficialStatusDetail>
      <OfficialStatus>California_2014_Statewide_Gubernatorial_General_Election_TEST_DATA</OfficialStatus>
      <StatusDate>2014-10-09</StatusDate>
    </OfficialStatusDetail>
  </EMLHeader>
  <Statistics>
    <EventIdentifier/>
    <Election>
      <ElectionIdentifier IdNumber="20141009"/>
      <Contests>
        <Contest>
          <ContestIdentifier IdNumber="CountyStatus"/>
          <TotalVotes>
            <CountMetric Id="RT" Type="Report Type"/>
            <CountMetric Id="PR" Type="Precincts Reporting">0</CountMetric>
            <CountMetric Id="TP" Type="Total Precincts">58000</CountMetric>
            <CountMetric Id="PP" Type="Precincts Reporting Percentage">0.0</CountMetric>
            <CountMetric Id="VT" Type="Voter Turnout"/>
            <CountMetric Id="TV" Type="Total Registered Voters">17722006</CountMetric>
            <CountMetric Id="VP" Type="Voter Turnout Percentage"/>
            <CountMetric Id="FD" Type="First Report Date"/>
            <CountMetric Id="FT" Type="First Report Time"/>
            <CountMetric Id="LD" Type="Last Report Date"/>
            <CountMetric Id="LT" Type="Last Report Time"/>
          </TotalVotes>
          <ReportingUnitVotes>
            <ReportingUnitIdentifier IdNumber="01">Alameda</ReportingUnitIdentifier>
            <CountMetric Id="RT" Type="Report Type"/>
            <CountMetric Id="PR" Type="Precincts Reporting">0</CountMetric>
            <CountMetric Id="TP" Type="Total Precincts">1000</CountMetric>
            <CountMetric Id="PP" Type="Precincts Reporting Percentage">0.0</CountMetric>
            <CountMetric Id="VT" Type="Voter Turnout"/>
            <CountMetric Id="TV" Type="Total Registered Voters">803728</CountMetric>
            <CountMetric Id="VP" Type="Voter Turnout Percentage"/>
            <CountMetric Id="FD" Type="First Report Date"/>
            <CountMetric Id="FT" Type="First Report Time"/>
            <CountMetric Id="LD" Type="Last Report Date"/>
            <CountMetric Id="LT" Type="Last Report Time"/>
          </ReportingUnitVotes>
          <ReportingUnitVotes>
            <ReportingUnitIdentifier IdNumber="02">Alpine</ReportingUnitIdentifier>
            <CountMetric Id="RT" Type="Report Type"/>
            <CountMetric Id="PR" Type="Precincts Reporting">0</CountMetric>
            <CountMetric Id="TP" Type="Total Precincts">1000</CountMetric>
            <CountMetric Id="PP" Type="Precincts Reporting Percentage">0.0</CountMetric>
            <CountMetric Id="VT" Type="Voter Turnout"/>
            <CountMetric Id="TV" Type="Total Registered Voters">766</CountMetric>
            <CountMetric Id="VP" Type="Voter Turnout Percentage"/>
            <CountMetric Id="FD" Type="First Report Date"/>
            <CountMetric Id="FT" Type="First Report Time"/>
            <CountMetric Id="LD" Type="Last Report Date"/>
            <CountMetric Id="LT" Type="Last Report Time"/>
          </ReportingUnitVotes>
          <ReportingUnitVotes>
            <ReportingUnitIdentifier IdNumber="03">Amador</ReportingUnitIdentifier>
            <CountMetric Id="RT" Type="Report Type"/>
            <CountMetric Id="PR" Type="Precincts Reporting">0</CountMetric>
            <CountMetric Id="TP" Type="Total Precincts">1000</CountMetric>
            <CountMetric Id="PP" Type="Precincts Reporting Percentage">0.0</CountMetric>
            <CountMetric Id="VT" Type="Voter Turnout"/>
            <CountMetric Id="TV" Type="Total Registered Voters">21200</CountMetric>
            <CountMetric Id="VP" Type="Voter Turnout Percentage"/>
            <CountMetric Id="FD" Type="First Report Date"/>
            <CountMetric Id="FT" Type="First Report Time"/>
            <CountMetric Id="LD" Type="Last Report Date"/>
            <CountMetric Id="LT" Type="Last Report Time"/>
          </ReportingUnitVotes>
          <ReportingUnitVotes>
            <ReportingUnitIdentifier IdNumber="04">Butte</ReportingUnitIdentifier>
            <CountMetric Id="RT" Type="Report Type"/>
            <CountMetric Id="PR" Type="Precincts Reporting">0</CountMetric>
            <CountMetric Id="TP" Type="Total Precincts">1000</CountMetric>
            <CountMetric Id="PP" Type="Precincts Reporting Percentage">0.0</CountMetric>
            <CountMetric Id="VT" Type="Voter Turnout"/>
            <CountMetric Id="TV" Type="Total Registered Voters">119081</CountMetric>
            <CountMetric Id="VP" Type="Voter Turnout Percentage"/>
            <CountMetric Id="FD" Type="First Report Date"/>
            <CountMetric Id="FT" Type="First Report Time"/>
            <CountMetric Id="LD" Type="Last Report Date"/>
            <CountMetric Id="LT" Type="Last Report Time"/>
          </ReportingUnitVotes>
          <ReportingUnitVotes>
            <ReportingUnitIdentifier IdNumber="05">Calaveras</ReportingUnitIdentifier>
            <CountMetric Id="RT" Type="Report Type"/>
            <CountMetric Id="PR" Type="Precincts Reporting">0</CountMetric>
            <CountMetric Id="TP" Type="Total Precincts">1000</CountMetric>
            <CountMetric Id="PP" Type="Precincts Reporting Percentage">0.0</CountMetric>
            <CountMetric Id="VT" Type="Voter Turnout"/>
            <CountMetric Id="TV" Type="Total Registered Voters">27263</CountMetric>
            <CountMetric Id="VP" Type="Voter Turnout Percentage"/>
            <CountMetric Id="FD" Type="First Report Date"/>
            <CountMetric Id="FT" Type="First Report Time"/>
            <CountMetric Id="LD" Type="Last Report Date"/>
            <CountMetric Id="LT" Type="Last Report Time"/>
          </ReportingUnitVotes>
          <ReportingUnitVotes>
            <ReportingUnitIdentifier IdNumber="06">Colusa</ReportingUnitIdentifier>
            <CountMetric Id="RT" Type="Report Type"/>
            <CountMetric Id="PR" Type="Precincts Reporting">0</CountMetric>
            <CountMetric Id="TP" Type="Total Precincts">1000</CountMetric>
            <CountMetric Id="PP" Type="Precincts Reporting Percentage">0.0</CountMetric>
            <CountMetric Id="VT" Type="Voter Turnout"/>
            <CountMetric Id="TV" Type="Total Registered Voters">7653</CountMetric>
            <CountMetric Id="VP" Type="Voter Turnout Percentage"/>
            <CountMetric Id="FD" Type="First Report Date"/>
            <CountMetric Id="FT" Type="First Report Time"/>
            <CountMetric Id="LD" Type="Last Report Date"/>
            <CountMetric Id="LT" Type="Last Report Time"/>
          </ReportingUnitVotes>
          <ReportingUnitVotes>
            <ReportingUnitIdentifier IdNumber="07">Contra Costa</ReportingUnitIdentifier>
            <CountMetric Id="RT" Type="Report Type"/>
            <CountMetric Id="PR" Type="Precincts Reporting">0</CountMetric>
            <CountMetric Id="TP" Type="Total Precincts">1000</CountMetric>
            <CountMetric Id="PP" Type="Precincts Reporting Percentage">0.0</CountMetric>
            <CountMetric Id="VT" Type="Voter Turnout"/>
            <CountMetric Id="TV" Type="Total Registered Voters">528162</CountMetric>
            <CountMetric Id="VP" Type="Voter Turnout Percentage"/>
            <CountMetric Id="FD" Type="First Report Date"/>
            <CountMetric Id="FT" Type="First Report Time"/>
            <CountMetric Id="LD" Type="Last Report Date"/>
            <CountMetric Id="LT" Type="Last Report Time"/>
          </ReportingUnitVotes>
          <ReportingUnitVotes>
            <ReportingUnitIdentifier IdNumber="08">Del Norte</ReportingUnitIdentifier>
            <CountMetric Id="RT" Type="Report Type"/>
            <CountMetric Id="PR" Type="Precincts Reporting">0</CountMetric>
            <CountMetric Id="TP" Type="Total Precincts">1000</CountMetric>
            <CountMetric Id="PP" Type="Precincts Reporting Percentage">0.0</CountMetric>
            <CountMetric Id="VT" Type="Voter Turnout"/>
            <CountMetric Id="TV" Type="Total Registered Voters">12398</CountMetric>
            <CountMetric Id="VP" Type="Voter Turnout Percentage"/>
            <CountMetric Id="FD" Type="First Report Date"/>
            <CountMetric Id="FT" Type="First Report Time"/>
            <CountMetric Id="LD" Type="Last Report Date"/>
            <CountMetric Id="LT" Type="Last Report Time"/>
          </ReportingUnitVotes>
          <ReportingUnitVotes>
            <ReportingUnitIdentifier IdNumber="09">El Dorado</ReportingUnitIdentifier>
            <CountMetric Id="RT" Type="Report Type"/>
            <CountMetric Id="PR" Type="Precincts Reporting">0</CountMetric>
            <CountMetric Id="TP" Type="Total Precincts">1000</CountMetric>
            <CountMetric Id="PP" Type="Precincts Reporting Percentage">0.0</CountMetric>
            <CountMetric Id="VT" Type="Voter Turnout"/>
            <CountMetric Id="TV" Type="Total Registered Voters">106944</CountMetric>
            <CountMetric Id="VP" Type="Voter Turnout Percentage"/>
            <CountMetric Id="FD" Type="First Report Date"/>
            <CountMetric Id="FT" Type="First Report Time"/>
            <CountMetric Id="LD" Type="Last Report Date"/>
            <CountMetric Id="LT" Type="Last Report Time"/>
          </ReportingUnitVotes>
          <ReportingUnitVotes>
            <ReportingUnitIdentifier IdNumber="10">Fresno</ReportingUnitIdentifier>
            <CountMetric Id="RT" Type="Report Type"/>
            <CountMetric Id="PR" Type="Precincts Reporting">0</CountMetric>
            <CountMetric Id="TP" Type="Total Precincts">1000</CountMetric>
            <CountMetric Id="PP" Type="Precincts Reporting Percentage">0.0</CountMetric>
            <CountMetric Id="VT" Type="Voter Turnout"/>
            <CountMetric Id="TV" Type="Total Registered Voters">412181</CountMetric>
            <CountMetric Id="VP" Type="Voter Turnout Percentage"/>
            <CountMetric Id="FD" Type="First Report Date"/>
            <CountMetric Id="FT" Type="First Report Time"/>
            <CountMetric Id="LD" Type="Last Report Date"/>
            <CountMetric Id="LT" Type="Last Report Time"/>
          </ReportingUnitVotes>
          <ReportingUnitVotes>
            <ReportingUnitIdentifier IdNumber="11">Glenn</ReportingUnitIdentifier>
            <CountMetric Id="RT" Type="Report Type"/>
            <CountMetric Id="PR" Type="Precincts Reporting">0</CountMetric>
            <CountMetric Id="TP" Type="Total Precincts">1000</CountMetric>
            <CountMetric Id="PP" Type="Precincts Reporting Percentage">0.0</CountMetric>
            <CountMetric Id="VT" Type="Voter Turnout"/>
            <CountMetric Id="TV" Type="Total Registered Voters">11978</CountMetric>
            <CountMetric Id="VP" Type="Voter Turnout Percentage"/>
            <CountMetric Id="FD" Type="First Report Date"/>
            <CountMetric Id="FT" Type="First Report Time"/>
            <CountMetric Id="LD" Type="Last Report Date"/>
            <CountMetric Id="LT" Type="Last Report Time"/>
          </ReportingUnitVotes>
          <ReportingUnitVotes>
            <ReportingUnitIdentifier IdNumber="12">Humboldt</ReportingUnitIdentifier>
            <CountMetric Id="RT" Type="Report Type"/>
            <CountMetric Id="PR" Type="Precincts Reporting">0</CountMetric>
            <CountMetric Id="TP" Type="Total Precincts">1000</CountMetric>
            <CountMetric Id="PP" Type="Precincts Reporting Percentage">0.0</CountMetric>
            <CountMetric Id="VT" Type="Voter Turnout"/>
            <CountMetric Id="TV" Type="Total Registered Voters">75411</CountMetric>
            <CountMetric Id="VP" Type="Voter Turnout Percentage"/>
            <CountMetric Id="FD" Type="First Report Date"/>
            <CountMetric Id="FT" Type="First Report Time"/>
            <CountMetric Id="LD" Type="Last Report Date"/>
            <CountMetric Id="LT" Type="Last Report Time"/>
          </ReportingUnitVotes>
          <ReportingUnitVotes>
            <ReportingUnitIdentifier IdNumber="13">Imperial</ReportingUnitIdentifier>
            <CountMetric Id="RT" Type="Report Type"/>
            <CountMetric Id="PR" Type="Precincts Reporting">0</CountMetric>
            <CountMetric Id="TP" Type="Total Precincts">1000</CountMetric>
            <CountMetric Id="PP" Type="Precincts Reporting Percentage">0.0</CountMetric>
            <CountMetric Id="VT" Type="Voter Turnout"/>
            <CountMetric Id="TV" Type="Total Registered Voters">58197</CountMetric>
            <CountMetric Id="VP" Type="Voter Turnout Percentage"/>
            <CountMetric Id="FD" Type="First Report Date"/>
            <CountMetric Id="FT" Type="First Report Time"/>
            <CountMetric Id="LD" Type="Last Report Date"/>
            <CountMetric Id="LT" Type="Last Report Time"/>
          </ReportingUnitVotes>
          <ReportingUnitVotes>
            <ReportingUnitIdentifier IdNumber="14">Inyo</ReportingUnitIdentifier>
            <CountMetric Id="RT" Type="Report Type"/>
            <CountMetric Id="PR" Type="Precincts Reporting">0</CountMetric>
            <CountMetric Id="TP" Type="Total Precincts">1000</CountMetric>
            <CountMetric Id="PP" Type="Precincts Reporting Percentage">0.0</CountMetric>
            <CountMetric Id="VT" Type="Voter Turnout"/>
            <CountMetric Id="TV" Type="Total Registered Voters">9509</CountMetric>
            <CountMetric Id="VP" Type="Voter Turnout Percentage"/>
            <CountMetric Id="FD" Type="First Report Date"/>
            <CountMetric Id="FT" Type="First Report Time"/>
            <CountMetric Id="LD" Type="Last Report Date"/>
            <CountMetric Id="LT" Type="Last Report Time"/>
          </ReportingUnitVotes>
          <ReportingUnitVotes>
            <ReportingUnitIdentifier IdNumber="15">Kern</ReportingUnitIdentifier>
            <CountMetric Id="RT" Type="Report Type"/>
            <CountMetric Id="PR" Type="Precincts Reporting">0</CountMetric>
            <CountMetric Id="TP" Type="Total Precincts">1000</CountMetric>
            <CountMetric Id="PP" Type="Precincts Reporting Percentage">0.0</CountMetric>
            <CountMetric Id="VT" Type="Voter Turnout"/>
            <CountMetric Id="TV" Type="Total Registered Voters">334435</CountMetric>
            <CountMetric Id="VP" Type="Voter Turnout Percentage"/>
            <CountMetric Id="FD" Type="First Report Date"/>
            <CountMetric Id="FT" Type="First Report Time"/>
            <CountMetric Id="LD" Type="Last Report Date"/>
            <CountMetric Id="LT" Type="Last Report Time"/>
          </ReportingUnitVotes>
          <ReportingUnitVotes>
            <ReportingUnitIdentifier IdNumber="16">Kings</ReportingUnitIdentifier>
            <CountMetric Id="RT" Type="Report Type"/>
            <CountMetric Id="PR" Type="Precincts Reporting">0</CountMetric>
            <CountMetric Id="TP" Type="Total Precincts">1000</CountMetric>
            <CountMetric Id="PP" Type="Precincts Reporting Percentage">0.0</CountMetric>
            <CountMetric Id="VT" Type="Voter Turnout"/>
            <CountMetric Id="TV" Type="Total Registered Voters">47420</CountMetric>
            <CountMetric Id="VP" Type="Voter Turnout Percentage"/>
            <CountMetric Id="FD" Type="First Report Date"/>
            <CountMetric Id="FT" Type="First Report Time"/>
            <CountMetric Id="LD" Type="Last Report Date"/>
            <CountMetric Id="LT" Type="Last Report Time"/>
          </ReportingUnitVotes>
          <ReportingUnitVotes>
            <ReportingUnitIdentifier IdNumber="17">Lake</ReportingUnitIdentifier>
            <CountMetric Id="RT" Type="Report Type"/>
            <CountMetric Id="PR" Type="Precincts Reporting">0</CountMetric>
            <CountMetric Id="TP" Type="Total Precincts">1000</CountMetric>
            <CountMetric Id="PP" Type="Precincts Reporting Percentage">0.0</CountMetric>
            <CountMetric Id="VT" Type="Voter Turnout"/>
            <CountMetric Id="TV" Type="Total Registered Voters">33987</CountMetric>
            <CountMetric Id="VP" Type="Voter Turnout Percentage"/>
            <CountMetric Id="FD" Type="First Report Date"/>
            <CountMetric Id="FT" Type="First Report Time"/>
            <CountMetric Id="LD" Type="Last Report Date"/>
            <CountMetric Id="LT" Type="Last Report Time"/>
          </ReportingUnitVotes>
          <ReportingUnitVotes>
            <ReportingUnitIdentifier IdNumber="18">Lassen</ReportingUnitIdentifier>
            <CountMetric Id="RT" Type="Report Type"/>
            <CountMetric Id="PR" Type="Precincts Reporting">0</CountMetric>
            <CountMetric Id="TP" Type="Total Precincts">1000</CountMetric>
            <CountMetric Id="PP" Type="Precincts Reporting Percentage">0.0</CountMetric>
            <CountMetric Id="VT" Type="Voter Turnout"/>
            <CountMetric Id="TV" Type="Total Registered Voters">13433</CountMetric>
            <CountMetric Id="VP" Type="Voter Turnout Percentage"/>
            <CountMetric Id="FD" Type="First Report Date"/>
            <CountMetric Id="FT" Type="First Report Time"/>
            <CountMetric Id="LD" Type="Last Report Date"/>
            <CountMetric Id="LT" Type="Last Report Time"/>
          </ReportingUnitVotes>
          <ReportingUnitVotes>
            <ReportingUnitIdentifier IdNumber="19">Los Angeles</ReportingUnitIdentifier>
            <CountMetric Id="RT" Type="Report Type"/>
            <CountMetric Id="PR" Type="Precincts Reporting">0</CountMetric>
            <CountMetric Id="TP" Type="Total Precincts">1000</CountMetric>
            <CountMetric Id="PP" Type="Precincts Reporting Percentage">0.0</CountMetric>
            <CountMetric Id="VT" Type="Voter Turnout"/>
            <CountMetric Id="TV" Type="Total Registered Voters">4857424</CountMetric>
            <CountMetric Id="VP" Type="Voter Turnout Percentage"/>
            <CountMetric Id="FD" Type="First Report Date"/>
            <CountMetric Id="FT" Type="First Report Time"/>
            <CountMetric Id="LD" Type="Last Report Date"/>
            <CountMetric Id="LT" Type="Last Report Time"/>
          </ReportingUnitVotes>
          <ReportingUnitVotes>
            <ReportingUnitIdentifier IdNumber="20">Madera</ReportingUnitIdentifier>
            <CountMetric Id="RT" Type="Report Type"/>
            <CountMetric Id="PR" Type="Precincts Reporting">0</CountMetric>
            <CountMetric Id="TP" Type="Total Precincts">1000</CountMetric>
            <CountMetric Id="PP" Type="Precincts Reporting Percentage">0.0</CountMetric>
            <CountMetric Id="VT" Type="Voter Turnout"/>
            <CountMetric Id="TV" Type="Total Registered Voters">52817</CountMetric>
            <CountMetric Id="VP" Type="Voter Turnout Percentage"/>
            <CountMetric Id="FD" Type="First Report Date"/>
            <CountMetric Id="FT" Type="First Report Time"/>
            <CountMetric Id="LD" Type="Last Report Date"/>
            <CountMetric Id="LT" Type="Last Report Time"/>
          </ReportingUnitVotes>
          <ReportingUnitVotes>
            <ReportingUnitIdentifier IdNumber="21">Marin</ReportingUnitIdentifier>
            <CountMetric Id="RT" Type="Report Type"/>
            <CountMetric Id="PR" Type="Precincts Reporting">0</CountMetric>
            <CountMetric Id="TP" Type="Total Precincts">1000</CountMetric>
            <CountMetric Id="PP" Type="Precincts Reporting Percentage">0.0</CountMetric>
            <CountMetric Id="VT" Type="Voter Turnout"/>
            <CountMetric Id="TV" Type="Total Registered Voters">148762</CountMetric>
            <CountMetric Id="VP" Type="Voter Turnout Percentage"/>
            <CountMetric Id="FD" Type="First Report Date"/>
            <CountMetric Id="FT" Type="First Report Time"/>
            <CountMetric Id="LD" Type="Last Report Date"/>
            <CountMetric Id="LT" Type="Last Report Time"/>
          </ReportingUnitVotes>
          <ReportingUnitVotes>
            <ReportingUnitIdentifier IdNumber="22">Mariposa</ReportingUnitIdentifier>
            <CountMetric Id="RT" Type="Report Type"/>
            <CountMetric Id="PR" Type="Precincts Reporting">0</CountMetric>
            <CountMetric Id="TP" Type="Total Precincts">1000</CountMetric>
            <CountMetric Id="PP" Type="Precincts Reporting Percentage">0.0</CountMetric>
            <CountMetric Id="VT" Type="Voter Turnout"/>
            <CountMetric Id="TV" Type="Total Registered Voters">10574</CountMetric>
            <CountMetric Id="VP" Type="Voter Turnout Percentage"/>
            <CountMetric Id="FD" Type="First Report Date"/>
            <CountMetric Id="FT" Type="First Report Time"/>
            <CountMetric Id="LD" Type="Last Report Date"/>
            <CountMetric Id="LT" Type="Last Report Time"/>
          </ReportingUnitVotes>
          <ReportingUnitVotes>
            <ReportingUnitIdentifier IdNumber="23">Mendocino</ReportingUnitIdentifier>
            <CountMetric Id="RT" Type="Report Type"/>
            <CountMetric Id="PR" Type="Precincts Reporting">0</CountMetric>
            <CountMetric Id="TP" Type="Total Precincts">1000</CountMetric>
            <CountMetric Id="PP" Type="Precincts Reporting Percentage">0.0</CountMetric>
            <CountMetric Id="VT" Type="Voter Turnout"/>
            <CountMetric Id="TV" Type="Total Registered Voters">47400</CountMetric>
            <CountMetric Id="VP" Type="Voter Turnout Percentage"/>
            <CountMetric Id="FD" Type="First Report Date"/>
            <CountMetric Id="FT" Type="First Report Time"/>
            <CountMetric Id="LD" Type="Last Report Date"/>
            <CountMetric Id="LT" Type="Last Report Time"/>
          </ReportingUnitVotes>
          <ReportingUnitVotes>
            <ReportingUnitIdentifier IdNumber="24">Merced</ReportingUnitIdentifier>
            <CountMetric Id="RT" Type="Report Type"/>
            <CountMetric Id="PR" Type="Precincts Reporting">0</CountMetric>
            <CountMetric Id="TP" Type="Total Precincts">1000</CountMetric>
            <CountMetric Id="PP" Type="Precincts Reporting Percentage">0.0</CountMetric>
            <CountMetric Id="VT" Type="Voter Turnout"/>
            <CountMetric Id="TV" Type="Total Registered Voters">94779</CountMetric>
            <CountMetric Id="VP" Type="Voter Turnout Percentage"/>
            <CountMetric Id="FD" Type="First Report Date"/>
            <CountMetric Id="FT" Type="First Report Time"/>
            <CountMetric Id="LD" Type="Last Report Date"/>
            <CountMetric Id="LT" Type="Last Report Time"/>
          </ReportingUnitVotes>
          <ReportingUnitVotes>
            <ReportingUnitIdentifier IdNumber="25">Modoc</ReportingUnitIdentifier>
            <CountMetric Id="RT" Type="Report Type"/>
            <CountMetric Id="PR" Type="Precincts Reporting">0</CountMetric>
            <CountMetric Id="TP" Type="Total Precincts">1000</CountMetric>
            <CountMetric Id="PP" Type="Precincts Reporting Percentage">0.0</CountMetric>
            <CountMetric Id="VT" Type="Voter Turnout"/>
            <CountMetric Id="TV" Type="Total Registered Voters">5454</CountMetric>
            <CountMetric Id="VP" Type="Voter Turnout Percentage"/>
            <CountMetric Id="FD" Type="First Report Date"/>
            <CountMetric Id="FT" Type="First Report Time"/>
            <CountMetric Id="LD" Type="Last Report Date"/>
            <CountMetric Id="LT" Type="Last Report Time"/>
          </ReportingUnitVotes>
          <ReportingUnitVotes>
            <ReportingUnitIdentifier IdNumber="26">Mono</ReportingUnitIdentifier>
            <CountMetric Id="RT" Type="Report Type"/>
            <CountMetric Id="PR" Type="Precincts Reporting">0</CountMetric>
            <CountMetric Id="TP" Type="Total Precincts">1000</CountMetric>
            <CountMetric Id="PP" Type="Precincts Reporting Percentage">0.0</CountMetric>
            <CountMetric Id="VT" Type="Voter Turnout"/>
            <CountMetric Id="TV" Type="Total Registered Voters">5802</CountMetric>
            <CountMetric Id="VP" Type="Voter Turnout Percentage"/>
            <CountMetric Id="FD" Type="First Report Date"/>
            <CountMetric Id="FT" Type="First Report Time"/>
            <CountMetric Id="LD" Type="Last Report Date"/>
            <CountMetric Id="LT" Type="Last Report Time"/>
          </ReportingUnitVotes>
          <ReportingUnitVotes>
            <ReportingUnitIdentifier IdNumber="27">Monterey</ReportingUnitIdentifier>
            <CountMetric Id="RT" Type="Report Type"/>
            <CountMetric Id="PR" Type="Precincts Reporting">0</CountMetric>
            <CountMetric Id="TP" Type="Total Precincts">1000</CountMetric>
            <CountMetric Id="PP" Type="Precincts Reporting Percentage">0.0</CountMetric>
            <CountMetric Id="VT" Type="Voter Turnout"/>
            <CountMetric Id="TV" Type="Total Registered Voters">164032</CountMetric>
            <CountMetric Id="VP" Type="Voter Turnout Percentage"/>
            <CountMetric Id="FD" Type="First Report Date"/>
            <CountMetric Id="FT" Type="First Report Time"/>
            <CountMetric Id="LD" Type="Last Report Date"/>
            <CountMetric Id="LT" Type="Last Report Time"/>
          </ReportingUnitVotes>
          <ReportingUnitVotes>
            <ReportingUnitIdentifier IdNumber="28">Napa</ReportingUnitIdentifier>
            <CountMetric Id="RT" Type="Report Type"/>
            <CountMetric Id="PR" Type="Precincts Reporting">0</CountMetric>
            <CountMetric Id="TP" Type="Total Precincts">1000</CountMetric>
            <CountMetric Id="PP" Type="Precincts Reporting Percentage">0.0</CountMetric>
            <CountMetric Id="VT" Type="Voter Turnout"/>
            <CountMetric Id="TV" Type="Total Registered Voters">71241</CountMetric>
            <CountMetric Id="VP" Type="Voter Turnout Percentage"/>
            <CountMetric Id="FD" Type="First Report Date"/>
            <CountMetric Id="FT" Type="First Report Time"/>
            <CountMetric Id="LD" Type="Last Report Date"/>
            <CountMetric Id="LT" Type="Last Report Time"/>
          </ReportingUnitVotes>
          <ReportingUnitVotes>
            <ReportingUnitIdentifier IdNumber="29">Nevada</ReportingUnitIdentifier>
            <CountMetric Id="RT" Type="Report Type"/>
            <CountMetric Id="PR" Type="Precincts Reporting">0</CountMetric>
            <CountMetric Id="TP" Type="Total Precincts">1000</CountMetric>
            <CountMetric Id="PP" Type="Precincts Reporting Percentage">0.0</CountMetric>
            <CountMetric Id="VT" Type="Voter Turnout"/>
            <CountMetric Id="TV" Type="Total Registered Voters">61711</CountMetric>
            <CountMetric Id="VP" Type="Voter Turnout Percentage"/>
            <CountMetric Id="FD" Type="First Report Date"/>
            <CountMetric Id="FT" Type="First Report Time"/>
            <CountMetric Id="LD" Type="Last Report Date"/>
            <CountMetric Id="LT" Type="Last Report Time"/>
          </ReportingUnitVotes>
          <ReportingUnitVotes>
            <ReportingUnitIdentifier IdNumber="30">Orange</ReportingUnitIdentifier>
            <CountMetric Id="RT" Type="Report Type"/>
            <CountMetric Id="PR" Type="Precincts Reporting">0</CountMetric>
            <CountMetric Id="TP" Type="Total Precincts">1000</CountMetric>
            <CountMetric Id="PP" Type="Precincts Reporting Percentage">0.0</CountMetric>
            <CountMetric Id="VT" Type="Voter Turnout"/>
            <CountMetric Id="TV" Type="Total Registered Voters">1411232</CountMetric>
            <CountMetric Id="VP" Type="Voter Turnout Percentage"/>
            <CountMetric Id="FD" Type="First Report Date"/>
            <CountMetric Id="FT" Type="First Report Time"/>
            <CountMetric Id="LD" Type="Last Report Date"/>
            <CountMetric Id="LT" Type="Last Report Time"/>
          </ReportingUnitVotes>
          <ReportingUnitVotes>
            <ReportingUnitIdentifier IdNumber="31">Placer</ReportingUnitIdentifier>
            <CountMetric Id="RT" Type="Report Type"/>
            <CountMetric Id="PR" Type="Precincts Reporting">0</CountMetric>
            <CountMetric Id="TP" Type="Total Precincts">1000</CountMetric>
            <CountMetric Id="PP" Type="Precincts Reporting Percentage">0.0</CountMetric>
            <CountMetric Id="VT" Type="Voter Turnout"/>
            <CountMetric Id="TV" Type="Total Registered Voters">200829</CountMetric>
            <CountMetric Id="VP" Type="Voter Turnout Percentage"/>
            <CountMetric Id="FD" Type="First Report Date"/>
            <CountMetric Id="FT" Type="First Report Time"/>
            <CountMetric Id="LD" Type="Last Report Date"/>
            <CountMetric Id="LT" Type="Last Report Time"/>
          </ReportingUnitVotes>
          <ReportingUnitVotes>
            <ReportingUnitIdentifier IdNumber="32">Plumas</ReportingUnitIdentifier>
            <CountMetric Id="RT" Type="Report Type"/>
            <CountMetric Id="PR" Type="Precincts Reporting">0</CountMetric>
            <CountMetric Id="TP" Type="Total Precincts">1000</CountMetric>
            <CountMetric Id="PP" Type="Precincts Reporting Percentage">0.0</CountMetric>
            <CountMetric Id="VT" Type="Voter Turnout"/>
            <CountMetric Id="TV" Type="Total Registered Voters">12030</CountMetric>
            <CountMetric Id="VP" Type="Voter Turnout Percentage"/>
            <CountMetric Id="FD" Type="First Report Date"/>
            <CountMetric Id="FT" Type="First Report Time"/>
            <CountMetric Id="LD" Type="Last Report Date"/>
            <CountMetric Id="LT" Type="Last Report Time"/>
          </ReportingUnitVotes>
          <ReportingUnitVotes>
            <ReportingUnitIdentifier IdNumber="33">Riverside</ReportingUnitIdentifier>
            <CountMetric Id="RT" Type="Report Type"/>
            <CountMetric Id="PR" Type="Precincts Reporting">0</CountMetric>
            <CountMetric Id="TP" Type="Total Precincts">1000</CountMetric>
            <CountMetric Id="PP" Type="Precincts Reporting Percentage">0.0</CountMetric>
            <CountMetric Id="VT" Type="Voter Turnout"/>
            <CountMetric Id="TV" Type="Total Registered Voters">887643</CountMetric>
            <CountMetric Id="VP" Type="Voter Turnout Percentage"/>
            <CountMetric Id="FD" Type="First Report Date"/>
            <CountMetric Id="FT" Type="First Report Time"/>
            <CountMetric Id="LD" Type="Last Report Date"/>
            <CountMetric Id="LT" Type="Last Report Time"/>
          </ReportingUnitVotes>
          <ReportingUnitVotes>
            <ReportingUnitIdentifier IdNumber="34">Sacramento</ReportingUnitIdentifier>
            <CountMetric Id="RT" Type="Report Type"/>
            <CountMetric Id="PR" Type="Precincts Reporting">0</CountMetric>
            <CountMetric Id="TP" Type="Total Precincts">1000</CountMetric>
            <CountMetric Id="PP" Type="Precincts Reporting Percentage">0.0</CountMetric>
            <CountMetric Id="VT" Type="Voter Turnout"/>
            <CountMetric Id="TV" Type="Total Registered Voters">688443</CountMetric>
            <CountMetric Id="VP" Type="Voter Turnout Percentage"/>
            <CountMetric Id="FD" Type="First Report Date"/>
            <CountMetric Id="FT" Type="First Report Time"/>
            <CountMetric Id="LD" Type="Last Report Date"/>
            <CountMetric Id="LT" Type="Last Report Time"/>
          </ReportingUnitVotes>
          <ReportingUnitVotes>
            <ReportingUnitIdentifier IdNumber="35">San Benito</ReportingUnitIdentifier>
            <CountMetric Id="RT" Type="Report Type"/>
            <CountMetric Id="PR" Type="Precincts Reporting">0</CountMetric>
            <CountMetric Id="TP" Type="Total Precincts">1000</CountMetric>
            <CountMetric Id="PP" Type="Precincts Reporting Percentage">0.0</CountMetric>
            <CountMetric Id="VT" Type="Voter Turnout"/>
            <CountMetric Id="TV" Type="Total Registered Voters">23778</CountMetric>
            <CountMetric Id="VP" Type="Voter Turnout Percentage"/>
            <CountMetric Id="FD" Type="First Report Date"/>
            <CountMetric Id="FT" Type="First Report Time"/>
            <CountMetric Id="LD" Type="Last Report Date"/>
            <CountMetric Id="LT" Type="Last Report Time"/>
          </ReportingUnitVotes>
          <ReportingUnitVotes>
            <ReportingUnitIdentifier IdNumber="36">San Bernardino</ReportingUnitIdentifier>
            <CountMetric Id="RT" Type="Report Type"/>
            <CountMetric Id="PR" Type="Precincts Reporting">0</CountMetric>
            <CountMetric Id="TP" Type="Total Precincts">1000</CountMetric>
            <CountMetric Id="PP" Type="Precincts Reporting Percentage">0.0</CountMetric>
            <CountMetric Id="VT" Type="Voter Turnout"/>
            <CountMetric Id="TV" Type="Total Registered Voters">851326</CountMetric>
            <CountMetric Id="VP" Type="Voter Turnout Percentage"/>
            <CountMetric Id="FD" Type="First Report Date"/>
            <CountMetric Id="FT" Type="First Report Time"/>
            <CountMetric Id="LD" Type="Last Report Date"/>
            <CountMetric Id="LT" Type="Last Report Time"/>
          </ReportingUnitVotes>
          <ReportingUnitVotes>
            <ReportingUnitIdentifier IdNumber="37">San Diego</ReportingUnitIdentifier>
            <CountMetric Id="RT" Type="Report Type"/>
            <CountMetric Id="PR" Type="Precincts Reporting">0</CountMetric>
            <CountMetric Id="TP" Type="Total Precincts">1000</CountMetric>
            <CountMetric Id="PP" Type="Precincts Reporting Percentage">0.0</CountMetric>
            <CountMetric Id="VT" Type="Voter Turnout"/>
            <CountMetric Id="TV" Type="Total Registered Voters">1544841</CountMetric>
            <CountMetric Id="VP" Type="Voter Turnout Percentage"/>
            <CountMetric Id="FD" Type="First Report Date"/>
            <CountMetric Id="FT" Type="First Report Time"/>
            <CountMetric Id="LD" Type="Last Report Date"/>
            <CountMetric Id="LT" Type="Last Report Time"/>
          </ReportingUnitVotes>
          <ReportingUnitVotes>
            <ReportingUnitIdentifier IdNumber="38">San Francisco</ReportingUnitIdentifier>
            <CountMetric Id="RT" Type="Report Type"/>
            <CountMetric Id="PR" Type="Precincts Reporting">0</CountMetric>
            <CountMetric Id="TP" Type="Total Precincts">1000</CountMetric>
            <CountMetric Id="PP" Type="Precincts Reporting Percentage">0.0</CountMetric>
            <CountMetric Id="VT" Type="Voter Turnout"/>
            <CountMetric Id="TV" Type="Total Registered Voters">434922</CountMetric>
            <CountMetric Id="VP" Type="Voter Turnout Percentage"/>
            <CountMetric Id="FD" Type="First Report Date"/>
            <CountMetric Id="FT" Type="First Report Time"/>
            <CountMetric Id="LD" Type="Last Report Date"/>
            <CountMetric Id="LT" Type="Last Report Time"/>
          </ReportingUnitVotes>
          <ReportingUnitVotes>
            <ReportingUnitIdentifier IdNumber="39">San Joaquin</ReportingUnitIdentifier>
            <CountMetric Id="RT" Type="Report Type"/>
            <CountMetric Id="PR" Type="Precincts Reporting">0</CountMetric>
            <CountMetric Id="TP" Type="Total Precincts">1000</CountMetric>
            <CountMetric Id="PP" Type="Precincts Reporting Percentage">0.0</CountMetric>
            <CountMetric Id="VT" Type="Voter Turnout"/>
            <CountMetric Id="TV" Type="Total Registered Voters">293837</CountMetric>
            <CountMetric Id="VP" Type="Voter Turnout Percentage"/>
            <CountMetric Id="FD" Type="First Report Date"/>
            <CountMetric Id="FT" Type="First Report Time"/>
            <CountMetric Id="LD" Type="Last Report Date"/>
            <CountMetric Id="LT" Type="Last Report Time"/>
          </ReportingUnitVotes>
          <ReportingUnitVotes>
            <ReportingUnitIdentifier IdNumber="40">San Luis Obispo</ReportingUnitIdentifier>
            <CountMetric Id="RT" Type="Report Type"/>
            <CountMetric Id="PR" Type="Precincts Reporting">0</CountMetric>
            <CountMetric Id="TP" Type="Total Precincts">1000</CountMetric>
            <CountMetric Id="PP" Type="Precincts Reporting Percentage">0.0</CountMetric>
            <CountMetric Id="VT" Type="Voter Turnout"/>
            <CountMetric Id="TV" Type="Total Registered Voters">150302</CountMetric>
            <CountMetric Id="VP" Type="Voter Turnout Percentage"/>
            <CountMetric Id="FD" Type="First Report Date"/>
            <CountMetric Id="FT" Type="First Report Time"/>
            <CountMetric Id="LD" Type="Last Report Date"/>
            <CountMetric Id="LT" Type="Last Report Time"/>
          </ReportingUnitVotes>
          <ReportingUnitVotes>
            <ReportingUnitIdentifier IdNumber="41">San Mateo</ReportingUnitIdentifier>
            <CountMetric Id="RT" Type="Report Type"/>
            <CountMetric Id="PR" Type="Precincts Reporting">0</CountMetric>
            <CountMetric Id="TP" Type="Total Precincts">1000</CountMetric>
            <CountMetric Id="PP" Type="Precincts Reporting Percentage">0.0</CountMetric>
            <CountMetric Id="VT" Type="Voter Turnout"/>
            <CountMetric Id="TV" Type="Total Registered Voters">354994</CountMetric>
            <CountMetric Id="VP" Type="Voter Turnout Percentage"/>
            <CountMetric Id="FD" Type="First Report Date"/>
            <CountMetric Id="FT" Type="First Report Time"/>
            <CountMetric Id="LD" Type="Last Report Date"/>
            <CountMetric Id="LT" Type="Last Report Time"/>
          </ReportingUnitVotes>
          <ReportingUnitVotes>
            <ReportingUnitIdentifier IdNumber="42">Santa Barbara</ReportingUnitIdentifier>
            <CountMetric Id="RT" Type="Report Type"/>
            <CountMetric Id="PR" Type="Precincts Reporting">0</CountMetric>
            <CountMetric Id="TP" Type="Total Precincts">1000</CountMetric>
            <CountMetric Id="PP" Type="Precincts Reporting Percentage">0.0</CountMetric>
            <CountMetric Id="VT" Type="Voter Turnout"/>
            <CountMetric Id="TV" Type="Total Registered Voters">193900</CountMetric>
            <CountMetric Id="VP" Type="Voter Turnout Percentage"/>
            <CountMetric Id="FD" Type="First Report Date"/>
            <CountMetric Id="FT" Type="First Report Time"/>
            <CountMetric Id="LD" Type="Last Report Date"/>
            <CountMetric Id="LT" Type="Last Report Time"/>
          </ReportingUnitVotes>
          <ReportingUnitVotes>
            <ReportingUnitIdentifier IdNumber="43">Santa Clara</ReportingUnitIdentifier>
            <CountMetric Id="RT" Type="Report Type"/>
            <CountMetric Id="PR" Type="Precincts Reporting">0</CountMetric>
            <CountMetric Id="TP" Type="Total Precincts">1000</CountMetric>
            <CountMetric Id="PP" Type="Precincts Reporting Percentage">0.0</CountMetric>
            <CountMetric Id="VT" Type="Voter Turnout"/>
            <CountMetric Id="TV" Type="Total Registered Voters">805922</CountMetric>
            <CountMetric Id="VP" Type="Voter Turnout Percentage"/>
            <CountMetric Id="FD" Type="First Report Date"/>
            <CountMetric Id="FT" Type="First Report Time"/>
            <CountMetric Id="LD" Type="Last Report Date"/>
            <CountMetric Id="LT" Type="Last Report Time"/>
          </ReportingUnitVotes>
          <ReportingUnitVotes>
            <ReportingUnitIdentifier IdNumber="44">Santa Cruz</ReportingUnitIdentifier>
            <CountMetric Id="RT" Type="Report Type"/>
            <CountMetric Id="PR" Type="Precincts Reporting">0</CountMetric>
            <CountMetric Id="TP" Type="Total Precincts">1000</CountMetric>
            <CountMetric Id="PP" Type="Precincts Reporting Percentage">0.0</CountMetric>
            <CountMetric Id="VT" Type="Voter Turnout"/>
            <CountMetric Id="TV" Type="Total Registered Voters">141105</CountMetric>
            <CountMetric Id="VP" Type="Voter Turnout Percentage"/>
            <CountMetric Id="FD" Type="First Report Date"/>
            <CountMetric Id="FT" Type="First Report Time"/>
            <CountMetric Id="LD" Type="Last Report Date"/>
            <CountMetric Id="LT" Type="Last Report Time"/>
          </ReportingUnitVotes>
          <ReportingUnitVotes>
            <ReportingUnitIdentifier IdNumber="45">Shasta</ReportingUnitIdentifier>
            <CountMetric Id="RT" Type="Report Type"/>
            <CountMetric Id="PR" Type="Precincts Reporting">0</CountMetric>
            <CountMetric Id="TP" Type="Total Precincts">1000</CountMetric>
            <CountMetric Id="PP" Type="Precincts Reporting Percentage">0.0</CountMetric>
            <CountMetric Id="VT" Type="Voter Turnout"/>
            <CountMetric Id="TV" Type="Total Registered Voters">98772</CountMetric>
            <CountMetric Id="VP" Type="Voter Turnout Percentage"/>
            <CountMetric Id="FD" Type="First Report Date"/>
            <CountMetric Id="FT" Type="First Report Time"/>
            <CountMetric Id="LD" Type="Last Report Date"/>
            <CountMetric Id="LT" Type="Last Report Time"/>
          </ReportingUnitVotes>
          <ReportingUnitVotes>
            <ReportingUnitIdentifier IdNumber="46">Sierra</ReportingUnitIdentifier>
            <CountMetric Id="RT" Type="Report Type"/>
            <CountMetric Id="PR" Type="Precincts Reporting">0</CountMetric>
            <CountMetric Id="TP" Type="Total Precincts">1000</CountMetric>
            <CountMetric Id="PP" Type="Precincts Reporting Percentage">0.0</CountMetric>
            <CountMetric Id="VT" Type="Voter Turnout"/>
            <CountMetric Id="TV" Type="Total Registered Voters">2209</CountMetric>
            <CountMetric Id="VP" Type="Voter Turnout Percentage"/>
            <CountMetric Id="FD" Type="First Report Date"/>
            <CountMetric Id="FT" Type="First Report Time"/>
            <CountMetric Id="LD" Type="Last Report Date"/>
            <CountMetric Id="LT" Type="Last Report Time"/>
          </ReportingUnitVotes>
          <ReportingUnitVotes>
            <ReportingUnitIdentifier IdNumber="47">Siskiyou</ReportingUnitIdentifier>
            <CountMetric Id="RT" Type="Report Type"/>
            <CountMetric Id="PR" Type="Precincts Reporting">0</CountMetric>
            <CountMetric Id="TP" Type="Total Precincts">1000</CountMetric>
            <CountMetric Id="PP" Type="Precincts Reporting Percentage">0.0</CountMetric>
            <CountMetric Id="VT" Type="Voter Turnout"/>
            <CountMetric Id="TV" Type="Total Registered Voters">24833</CountMetric>
            <CountMetric Id="VP" Type="Voter Turnout Percentage"/>
            <CountMetric Id="FD" Type="First Report Date"/>
            <CountMetric Id="FT" Type="First Report Time"/>
            <CountMetric Id="LD" Type="Last Report Date"/>
            <CountMetric Id="LT" Type="Last Report Time"/>
          </ReportingUnitVotes>
          <ReportingUnitVotes>
            <ReportingUnitIdentifier IdNumber="48">Solano</ReportingUnitIdentifier>
            <CountMetric Id="RT" Type="Report Type"/>
            <CountMetric Id="PR" Type="Precincts Reporting">0</CountMetric>
            <CountMetric Id="TP" Type="Total Precincts">1000</CountMetric>
            <CountMetric Id="PP" Type="Precincts Reporting Percentage">0.0</CountMetric>
            <CountMetric Id="VT" Type="Voter Turnout"/>
            <CountMetric Id="TV" Type="Total Registered Voters">201728</CountMetric>
            <CountMetric Id="VP" Type="Voter Turnout Percentage"/>
            <CountMetric Id="FD" Type="First Report Date"/>
            <CountMetric Id="FT" Type="First Report Time"/>
            <CountMetric Id="LD" Type="Last Report Date"/>
            <CountMetric Id="LT" Type="Last Report Time"/>
          </ReportingUnitVotes>
          <ReportingUnitVotes>
            <ReportingUnitIdentifier IdNumber="49">Sonoma</ReportingUnitIdentifier>
            <CountMetric Id="RT" Type="Report Type"/>
            <CountMetric Id="PR" Type="Precincts Reporting">0</CountMetric>
            <CountMetric Id="TP" Type="Total Precincts">1000</CountMetric>
            <CountMetric Id="PP" Type="Precincts Reporting Percentage">0.0</CountMetric>
            <CountMetric Id="VT" Type="Voter Turnout"/>
            <CountMetric Id="TV" Type="Total Registered Voters">241005</CountMetric>
            <CountMetric Id="VP" Type="Voter Turnout Percentage"/>
            <CountMetric Id="FD" Type="First Report Date"/>
            <CountMetric Id="FT" Type="First Report Time"/>
            <CountMetric Id="LD" Type="Last Report Date"/>
            <CountMetric Id="LT" Type="Last Report Time"/>
          </ReportingUnitVotes>
          <ReportingUnitVotes>
            <ReportingUnitIdentifier IdNumber="50">Stanislaus</ReportingUnitIdentifier>
            <CountMetric Id="RT" Type="Report Type"/>
            <CountMetric Id="PR" Type="Precincts Reporting">0</CountMetric>
            <CountMetric Id="TP" Type="Total Precincts">1000</CountMetric>
            <CountMetric Id="PP" Type="Precincts Reporting Percentage">0.0</CountMetric>
            <CountMetric Id="VT" Type="Voter Turnout"/>
            <CountMetric Id="TV" Type="Total Registered Voters">211330</CountMetric>
            <CountMetric Id="VP" Type="Voter Turnout Percentage"/>
            <CountMetric Id="FD" Type="First Report Date"/>
            <CountMetric Id="FT" Type="First Report Time"/>
            <CountMetric Id="LD" Type="Last Report Date"/>
            <CountMetric Id="LT" Type="Last Report Time"/>
          </ReportingUnitVotes>
          <ReportingUnitVotes>
            <ReportingUnitIdentifier IdNumber="51">Sutter</ReportingUnitIdentifier>
            <CountMetric Id="RT" Type="Report Type"/>
            <CountMetric Id="PR" Type="Precincts Reporting">0</CountMetric>
            <CountMetric Id="TP" Type="Total Precincts">1000</CountMetric>
            <CountMetric Id="PP" Type="Precincts Reporting Percentage">0.0</CountMetric>
            <CountMetric Id="VT" Type="Voter Turnout"/>
            <CountMetric Id="TV" Type="Total Registered Voters">42218</CountMetric>
            <CountMetric Id="VP" Type="Voter Turnout Percentage"/>
            <CountMetric Id="FD" Type="First Report Date"/>
            <CountMetric Id="FT" Type="First Report Time"/>
            <CountMetric Id="LD" Type="Last Report Date"/>
            <CountMetric Id="LT" Type="Last Report Time"/>
          </ReportingUnitVotes>
          <ReportingUnitVotes>
            <ReportingUnitIdentifier IdNumber="52">Tehama</ReportingUnitIdentifier>
            <CountMetric Id="RT" Type="Report Type"/>
            <CountMetric Id="PR" Type="Precincts Reporting">0</CountMetric>
            <CountMetric Id="TP" Type="Total Precincts">1000</CountMetric>
            <CountMetric Id="PP" Type="Precincts Reporting Percentage">0.0</CountMetric>
            <CountMetric Id="VT" Type="Voter Turnout"/>
            <CountMetric Id="TV" Type="Total Registered Voters">30492</CountMetric>
            <CountMetric Id="VP" Type="Voter Turnout Percentage"/>
            <CountMetric Id="FD" Type="First Report Date"/>
            <CountMetric Id="FT" Type="First Report Time"/>
            <CountMetric Id="LD" Type="Last Report Date"/>
            <CountMetric Id="LT" Type="Last Report Time"/>
          </ReportingUnitVotes>
          <ReportingUnitVotes>
            <ReportingUnitIdentifier IdNumber="53">Trinity</ReportingUnitIdentifier>
            <CountMetric Id="RT" Type="Report Type"/>
            <CountMetric Id="PR" Type="Precincts Reporting">0</CountMetric>
            <CountMetric Id="TP" Type="Total Precincts">1000</CountMetric>
            <CountMetric Id="PP" Type="Precincts Reporting Percentage">0.0</CountMetric>
            <CountMetric Id="VT" Type="Voter Turnout"/>
            <CountMetric Id="TV" Type="Total Registered Voters">7062</CountMetric>
            <CountMetric Id="VP" Type="Voter Turnout Percentage"/>
            <CountMetric Id="FD" Type="First Report Date"/>
            <CountMetric Id="FT" Type="First Report Time"/>
            <CountMetric Id="LD" Type="Last Report Date"/>
            <CountMetric Id="LT" Type="Last Report Time"/>
          </ReportingUnitVotes>
          <ReportingUnitVotes>
            <ReportingUnitIdentifier IdNumber="54">Tulare</ReportingUnitIdentifier>
            <CountMetric Id="RT" Type="Report Type"/>
            <CountMetric Id="PR" Type="Precincts Reporting">0</CountMetric>
            <CountMetric Id="TP" Type="Total Precincts">1000</CountMetric>
            <CountMetric Id="PP" Type="Precincts Reporting Percentage">0.0</CountMetric>
            <CountMetric Id="VT" Type="Voter Turnout"/>
            <CountMetric Id="TV" Type="Total Registered Voters">137306</CountMetric>
            <CountMetric Id="VP" Type="Voter Turnout Percentage"/>
            <CountMetric Id="FD" Type="First Report Date"/>
            <CountMetric Id="FT" Type="First Report Time"/>
            <CountMetric Id="LD" Type="Last Report Date"/>
            <CountMetric Id="LT" Type="Last Report Time"/>
          </ReportingUnitVotes>
          <ReportingUnitVotes>
            <ReportingUnitIdentifier IdNumber="55">Tuolumne</ReportingUnitIdentifier>
            <CountMetric Id="RT" Type="Report Type"/>
            <CountMetric Id="PR" Type="Precincts Reporting">0</CountMetric>
            <CountMetric Id="TP" Type="Total Precincts">1000</CountMetric>
            <CountMetric Id="PP" Type="Precincts Reporting Percentage">0.0</CountMetric>
            <CountMetric Id="VT" Type="Voter Turnout"/>
            <CountMetric Id="TV" Type="Total Registered Voters">29880</CountMetric>
            <CountMetric Id="VP" Type="Voter Turnout Percentage"/>
            <CountMetric Id="FD" Type="First Report Date"/>
            <CountMetric Id="FT" Type="First Report Time"/>
            <CountMetric Id="LD" Type="Last Report Date"/>
            <CountMetric Id="LT" Type="Last Report Time"/>
          </ReportingUnitVotes>
          <ReportingUnitVotes>
            <ReportingUnitIdentifier IdNumber="56">Ventura</ReportingUnitIdentifier>
            <CountMetric Id="RT" Type="Report Type"/>
            <CountMetric Id="PR" Type="Precincts Reporting">0</CountMetric>
            <CountMetric Id="TP" Type="Total Precincts">1000</CountMetric>
            <CountMetric Id="PP" Type="Precincts Reporting Percentage">0.0</CountMetric>
            <CountMetric Id="VT" Type="Voter Turnout"/>
            <CountMetric Id="TV" Type="Total Registered Voters">427349</CountMetric>
            <CountMetric Id="VP" Type="Voter Turnout Percentage"/>
            <CountMetric Id="FD" Type="First Report Date"/>
            <CountMetric Id="FT" Type="First Report Time"/>
            <CountMetric Id="LD" Type="Last Report Date"/>
            <CountMetric Id="LT" Type="Last Report Time"/>
          </ReportingUnitVotes>
          <ReportingUnitVotes>
            <ReportingUnitIdentifier IdNumber="57">Yolo</ReportingUnitIdentifier>
            <CountMetric Id="RT" Type="Report Type"/>
            <CountMetric Id="PR" Type="Precincts Reporting">0</CountMetric>
            <CountMetric Id="TP" Type="Total Precincts">1000</CountMetric>
            <CountMetric Id="PP" Type="Precincts Reporting Percentage">0.0</CountMetric>
            <CountMetric Id="VT" Type="Voter Turnout"/>
            <CountMetric Id="TV" Type="Total Registered Voters">101854</CountMetric>
            <CountMetric Id="VP" Type="Voter Turnout Percentage"/>
            <CountMetric Id="FD" Type="First Report Date"/>
            <CountMetric Id="FT" Type="First Report Time"/>
            <CountMetric Id="LD" Type="Last Report Date"/>
            <CountMetric Id="LT" Type="Last Report Time"/>
          </ReportingUnitVotes>
          <ReportingUnitVotes>
            <ReportingUnitIdentifier IdNumber="58">Yuba</ReportingUnitIdentifier>
            <CountMetric Id="RT" Type="Report Type"/>
            <CountMetric Id="PR" Type="Precincts Reporting">0</CountMetric>
            <CountMetric Id="TP" Type="Total Precincts">1000</CountMetric>
            <CountMetric Id="PP" Type="Precincts Reporting Percentage">0.0</CountMetric>
            <CountMetric Id="VT" Type="Voter Turnout"/>
            <CountMetric Id="TV" Type="Total Registered Voters">27122</CountMetric>
            <CountMetric Id="VP" Type="Voter Turnout Percentage"/>
            <CountMetric Id="FD" Type="First Report Date"/>
            <CountMetric Id="FT" Type="First Report Time"/>
            <CountMetric Id="LD" Type="Last Report Date"/>
            <CountMetric Id="LT" Type="Last Report Time"/>
          </ReportingUnitVotes>
        </Contest>
      </Contests>
    </Election>
  </Statistics>
</EML>
